_group,_name,_namespace,_qualName,_dc:relation,_dc:description,_examples,_required,_type,_thesaurus
,samp_name,https://w3id.org/mixs/,https://w3id.org/mixs/0001107,,"Sample Name is a name that you choose for the sample. It can have any format, but we suggest that you make it concise, unique and consistent within your lab, and as informative as possible. Every Sample Name from a single Submitter must be unique. ",,false,,
,occurrenceID,http://rs.tdwg.org/dwc/terms/,http://rs.tdwg.org/dwc/terms/occurrenceID,http://rs.tdwg.org/dwc/terms/index.htm#occurrenceID,"The identifier of the occurrence the DNA sequence relates to. If not applicable, it should be left empty.",,false,,
investigation,project_name,https://w3id.org/mixs/,https://w3id.org/mixs/0000092,,Name of the project within which the sequencing was organized,Forest soil metagenome,false,,
investigation,experimental_factor,https://w3id.org/mixs/,https://w3id.org/mixs/0000008,,"Experimental factors are essentially the variable aspects of an experiment design which can be used to describe an experiment, or set of experiments, in an increasingly detailed manner. This field accepts ontology terms from Experimental Factor Ontology (EFO) and/or Ontology for Biomedical Investigations (OBI). For a browser of EFO (v 2.95) terms, please see http://purl.bioontology.org/ontology/EFO; for a browser of OBI (v 2018-02-12) terms please see http://purl.bioontology.org/ontology/OBI",time series design [EFO:EFO_0001779],false,,
investigation,samp_taxon_id,https://w3id.org/mixs/,https://w3id.org/mixs/0001320,,"NCBI taxon id of the sample. Maybe be a single taxon or mixed taxa sample. Use ""synthetic metagenome"" for mock community/positive controls, or ""blank sample"" for negative controls",Gut Metagenome [NCBITaxon:749906],false,,
investigation,neg_cont_type,https://w3id.org/mixs/,https://w3id.org/mixs/0001321,,The substance or equipment used as a negative control in an investigation,,false,,
investigation,pos_cont_type,https://w3id.org/mixs/,https://w3id.org/mixs/0001322,,"The substance, mixture, product, or apparatus used to verify that a process which is part of an investigation delivers a true positive",,false,,
environment,env_broad_scale,https://w3id.org/mixs/,https://w3id.org/mixs/0000012,,"In this field, report which major environmental system your sample or specimen came from. The systems identified should have a coarse spatial grain, to provide the general environmental context of where the sampling was done (e.g. were you in the desert or a rainforest?). We recommend using subclasses of ENVO’s biome class: http://purl.obolibrary.org/obo/ENVO_00000428. Format (one term): termLabel [termID], Format (multiple terms): termLabel [termID]|termLabel [termID]|termLabel [termID]. Example: Annotating a water sample from the photic zone in middle of the Atlantic Ocean, consider: oceanic epipelagic zone biome [ENVO:01000033]. Example: Annotating a sample from the Amazon rainforest consider: tropical moist broadleaf forest biome [ENVO:01000228]. If needed, request new terms on the ENVO tracker, identified here: http://www.obofoundry.org/ontology/envo.html",forest biome [ENVO:01000174],false,,
environment,env_local_scale,https://w3id.org/mixs/,https://w3id.org/mixs/0000013,,"In this field, report the entity or entities which are in your sample or specimen’s local vicinity and which you believe have significant causal influences on your sample or specimen. Please use terms that are present in ENVO and which are of smaller spatial grain than your entry for env_broad_scale. Format (one term): termLabel [termID]; Format (multiple terms): termLabel [termID]|termLabel [termID]|termLabel [termID]. Example: Annotating a pooled sample taken from various vegetation layers in a forest consider: canopy [ENVO:00000047]|herb and fern layer [ENVO:01000337]|litter layer [ENVO:01000338]|understory [01000335]|shrub layer [ENVO:01000336]. If needed, request new terms on the ENVO tracker, identified here: http://www.obofoundry.org/ontology/envo.html",litter layer [ENVO:01000338],false,,
environment,env_medium,https://w3id.org/mixs/,https://w3id.org/mixs/0000014,,"In this field, report which environmental material or materials (pipe separated) immediately surrounded your sample or specimen prior to sampling, using one or more subclasses of ENVO’s environmental material class: http://purl.obolibrary.org/obo/ENVO_00010483. Format (one term): termLabel [termID]; Format (multiple terms): termLabel [termID]|termLabel [termID]|termLabel [termID]. Example: Annotating a fish swimming in the upper 100 m of the Atlantic Ocean, consider: ocean water [ENVO:00002151]. Example: Annotating a duck on a pond consider: pond water [ENVO:00002228]|air ENVO_00002005. If needed, request new terms on the ENVO tracker, identified here: http://www.obofoundry.org/ontology/envo.html",soil [ENVO:00001998],false,,
nucleic acid sequence source,subspecf_gen_lin,https://w3id.org/mixs/,https://w3id.org/mixs/0000020,,"This should provide further information about the genetic distinctness of the sequenced organism by recording additional information e.g. serovar, serotype, biotype, ecotype, or any relevant genetic typing schemes like Group I plasmid. It can also contain alternative taxonomic information. It should contain both the lineage name, and the lineage rank, i.e. biovar:abc123",serovar:Newport,false,,
nucleic acid sequence source,ploidy,https://w3id.org/mixs/,https://w3id.org/mixs/0000021,,"The ploidy level of the genome (e.g. allopolyploid, haploid, diploid, triploid, tetraploid). It has implications for the downstream study of duplicated gene and regions of the genomes (and perhaps for difficulties in assembly). For terms, please select terms listed under class ploidy (PATO:001374) of Phenotypic Quality Ontology (PATO), and for a browser of PATO (v 2018-03-27) please refer to http://purl.bioontology.org/ontology/PATO",allopolyploidy [PATO:0001379],false,,
nucleic acid sequence source,num_replicons,https://w3id.org/mixs/,https://w3id.org/mixs/0000022,,"Reports the number of replicons in a nuclear genome of eukaryotes, in the genome of a bacterium or archaea or the number of segments in a segmented virus. Always applied to the haploid chromosome count of a eukaryote",2,false,integer,
nucleic acid sequence source,extrachrom_elements,https://w3id.org/mixs/,https://w3id.org/mixs/0000023,,Do plasmids exist of significant phenotypic consequence (e.g. ones that determine virulence or antibiotic resistance). Megaplasmids? Other plasmids (borrelia has 15+ plasmids),5,false,integer,
nucleic acid sequence source,estimated_size,https://w3id.org/mixs/,https://w3id.org/mixs/0000024,,The estimated size of the genome prior to sequencing. Of particular importance in the sequencing of (eukaryotic) genome which could remain in draft form for a long or unspecified period.,300000 bp,false,,
nucleic acid sequence source,ref_biomaterial,https://w3id.org/mixs/,https://w3id.org/mixs/0000025,,"Primary publication if isolated before genome publication; otherwise, primary genome report",doi:10.1016/j.syapm.2018.01.009,false,uri,
nucleic acid sequence source,source_mat_id,https://w3id.org/mixs/,https://w3id.org/mixs/0000026,,"A unique identifier assigned to a material sample (as defined by http://rs.tdwg.org/dwc/terms/materialSampleID, and as opposed to a particular digital record of a material sample) used for extracting nucleic acids, and subsequent sequencing. The identifier can refer either to the original material collected or to any derived sub-samples. The INSDC qualifiers /specimen_voucher, /bio_material, or /culture_collection may or may not share the same value as the source_mat_id field. For instance, the /specimen_voucher qualifier and source_mat_id may both contain ´UAM:Herps:14´ , referring to both the specimen voucher and sampled tissue with the same identifier. However, the /culture_collection qualifier may refer to a value from an initial culture (e.g. ATCC:11775) while source_mat_id would refer to an identifier from some derived culture from which the nucleic acids were extracted (e.g. xatc123 or ark:/2154/R2).",MPI012345,false,,
nucleic acid sequence source,pathogenicity,https://w3id.org/mixs/,https://w3id.org/mixs/0000027,,To what is the entity pathogenic,"human, animal, plant, fungi, bacteria",false,,
nucleic acid sequence source,biotic_relationship,https://w3id.org/mixs/,https://w3id.org/mixs/0000028,,"Description of relationship(s) between the subject organism and other organism(s) it is associated with. E.g., parasite on species X; mutualist with species Y. The target organism is the subject of the relationship, and the other organism(s) is the object",free living,false,,https://rs.gbif.org/vocabulary/dna/biotic_relationship.xml
nucleic acid sequence source,specific_host,https://w3id.org/mixs/,https://w3id.org/mixs/0000029,,"If there is a host involved, please provide its taxid (or environmental if not actually isolated from the dead or alive host - i.e. a pathogen could be isolated from a swipe of a bench etc) and report whether it is a laboratory or natural host)",9606,false,,
nucleic acid sequence source,host_spec_range,https://w3id.org/mixs/,https://w3id.org/mixs/0000030,,The NCBI taxonomy identifier of the specific host if it is known,9606,false,integer,
nucleic acid sequence source,host_disease_stat,https://w3id.org/mixs/,https://w3id.org/mixs/0000031,,"List of diseases with which the host has been diagnosed; can include multiple diagnoses. The value of the field depends on host; for humans the terms should be chosen from the DO (Human Disease Ontology) at https://www.disease-ontology.org, non-human host diseases are free text",dead,false,,
nucleic acid sequence source,trophic_level,https://w3id.org/mixs/,https://w3id.org/mixs/0000032,,Trophic levels are the feeding position in a food chain. Microbes can be a range of producers (e.g. chemolithotroph),heterotroph,false,,https://rs.gbif.org/vocabulary/dna/trophic_level.xml
nucleic acid sequence source,propagation,https://w3id.org/mixs/,https://w3id.org/mixs/0000033,,"This field is specific to different taxa. For phages: lytic/lysogenic, for plasmids: incompatibility group, for eukaryotes: sexual/asexual (Note: there is the strong opinion to name phage propagation obligately lytic or temperate, therefore we also give this choice",lytic,false,,
nucleic acid sequence source,encoded_traits,https://w3id.org/mixs/,https://w3id.org/mixs/0000034,,"Should include key traits like antibiotic resistance or xenobiotic degradation phenotypes for plasmids, converting genes for phage",beta-lactamase class A,false,,
nucleic acid sequence source,rel_to_oxygen,https://w3id.org/mixs/,https://w3id.org/mixs/0000015,,"Is this organism an aerobe, anaerobe? Please note that aerobic and anaerobic are valid descriptors for microbial environments",aerobe,false,,https://rs.gbif.org/vocabulary/dna/rel_to_oxygen.xml
nucleic acid sequence source,isol_growth_condt,https://w3id.org/mixs/,https://w3id.org/mixs/0000003,,"Publication reference in the form of pubmed ID (pmid), digital object identifier (doi) or url for isolation and growth condition specifications of the organism/material",doi: 10.1016/j.syapm.2018.01.009,false,uri,
nucleic acid sequence source,samp_collec_device,https://w3id.org/mixs/,https://w3id.org/mixs/0000002,,The device used to collect an environmental sample. This field accepts terms listed under environmental sampling device (http://purl.obolibrary.org/obo/ENVO). This field also accepts terms listed under specimen collection device (http://purl.obolibrary.org/obo/GENEPIO_0002094).,"environmental swab sampling, biopsy, niskin bottle, push core",false,,
nucleic acid sequence source,samp_collec_method,https://w3id.org/mixs/,https://w3id.org/mixs/0001225,,The method employed for collecting the sample,"environmental swab sampling, biopsy, niskin bottle, push core",false,,
nucleic acid sequence source,samp_mat_process,https://w3id.org/mixs/,https://w3id.org/mixs/0000016,,"Any processing applied to the sample during or after retrieving the sample from environment. This field accepts OBI, for a browser of OBI (v 2018-02-12) terms please see http://purl.bioontology.org/ontology/OBI","filtering of seawater, storing samples in ethanol",false,,
nucleic acid sequence source,size_frac,https://w3id.org/mixs/,https://w3id.org/mixs/0000017,,Filtering pore size used in sample preparation,0-0.22 micrometer,false,,
nucleic acid sequence source,samp_size,https://w3id.org/mixs/,https://w3id.org/mixs/0000001,,"Amount or size of sample (volume, mass or area) that was collected",5 liter,false,,
nucleic acid sequence source,samp_vol_we_dna_ext,https://w3id.org/mixs/,https://w3id.org/mixs/0000111,,Volume (ml) or mass (g) of total collected sample processed for DNA extraction. Note: total sample collected should be entered under the term Sample Size (MIXS:0000001).,1500 milliliter,false,,
nucleic acid sequence source,source_uvig,https://w3id.org/mixs/,https://w3id.org/mixs/0000035,,Type of dataset from which the UViG was obtained,viral fraction metagenome (virome),false,,https://rs.gbif.org/vocabulary/dna/source_uvig.xml
nucleic acid sequence source,virus_enrich_appr,https://w3id.org/mixs/,https://w3id.org/mixs/0000036,,"List of approaches used to enrich the sample for viruses, if any",filtration + FeCl Precipitation + ultracentrifugation + DNAse,false,,https://rs.gbif.org/vocabulary/dna/virus_enrich_appr.xml
sequencing,nucl_acid_ext,https://w3id.org/mixs/,https://w3id.org/mixs/0000037,,"A link to a literature reference, electronic resource or a standard operating procedure (SOP), that describes the material separation to recover the nucleic acid fraction from a sample",https://mobio.com/media/wysiwyg/pdfs/protocols/12888.pdf,false,uri,
sequencing,nucl_acid_amp,https://w3id.org/mixs/,https://w3id.org/mixs/0000038,,"A link to a literature reference, electronic resource or a standard operating procedure (SOP), that describes the enzymatic amplification (PCR, TMA, NASBA) of specific nucleic acids",https://phylogenomics.me/protocols/16s-pcr-protocol/,false,uri,
sequencing,lib_size,https://w3id.org/mixs/,https://w3id.org/mixs/0000039,,Total number of clones in the library prepared for the project,50,false,integer,
sequencing,lib_reads_seqd,https://w3id.org/mixs/,https://w3id.org/mixs/0000040,,Total number of clones sequenced from the library,20,false,integer,
sequencing,lib_layout,https://w3id.org/mixs/,https://w3id.org/mixs/0000041,,"Specify whether to expect single, paired, or other configuration of reads",paired,false,,https://rs.gbif.org/vocabulary/dna/lib_layout.xml
sequencing,lib_vector,https://w3id.org/mixs/,https://w3id.org/mixs/0000042,,Cloning vector type(s) used in construction of libraries,Bacteriophage P1,false,,
sequencing,lib_screen,https://w3id.org/mixs/,https://w3id.org/mixs/0000043,,Specific enrichment or screening methods applied before and/or after creating libraries,"enriched, screened, normalized",false,,
sequencing,target_gene,https://w3id.org/mixs/,https://w3id.org/mixs/0000044,,Targeted gene or locus name for marker gene studies,"16S rRNA, 18S rRNA, nif, amoA, rpo",false,,
sequencing,target_subfragment,https://w3id.org/mixs/,https://w3id.org/mixs/0000045,,Name of subfragment of a gene or locus. Important to e.g. identify special regions on marker genes like V6 on 16S rRNA,"V6, V9, ITS",false,,
sequencing,pcr_primers,https://w3id.org/mixs/,https://w3id.org/mixs/0000046,,"PCR primers that were used to amplify the sequence of the targeted gene, locus or subfragment. This field should contain all the primers used for a single PCR reaction if multiple forward or reverse primers are present in a single PCR reaction. The primer sequence should be reported in uppercase letters",FWD:GTGCCAGCMGCCGCGGTAA;REV:GGACTACHVGGGTWTCTAAT,false,,
sequencing,mid,https://w3id.org/mixs/,https://w3id.org/mixs/0000047,,"Molecular barcodes, called Multiplex Identifiers (MIDs), that are used to specifically tag unique samples in a sequencing run. Sequence should be reported in uppercase letters",GTGAATAT,false,,
sequencing,adapters,https://w3id.org/mixs/,https://w3id.org/mixs/0000048,,Adapters provide priming sequences for both amplification and sequencing of the sample-library fragments. Both adapters should be reported; in uppercase letters,AATGATACGGCGACCACCGAGATCTACACGCT;CAAGCAGAAGACGGCATACGAGAT,false,,
sequencing,pcr_cond,https://w3id.org/mixs/,https://w3id.org/mixs/0000049,,Description of reaction conditions and components of PCR in the form of ´initial denaturation:94degC_1.5min; annealing=...´,initial denaturation:94_3;annealing:50_1;elongation:72_1.5;final elongation:72_10;35,false,,
sequencing,seq_meth,https://w3id.org/mixs/,https://w3id.org/mixs/0000050,,"Sequencing method used; e.g. Sanger, ABI-solid",Illumina HiSeq 1500,false,,https://rs.gbif.org/vocabulary/dna/seq_meth.xml
sequencing,seq_quality_check,https://w3id.org/mixs/,https://w3id.org/mixs/0000051,,"Indicate if the sequence has been called by automatic systems (none) or undergone a manual editing procedure (e.g. by inspecting the raw data or chromatograms). Applied only for sequences that are not submitted to SRA,ENA or DRA",none,false,,
sequencing,chimera_check,https://w3id.org/mixs/,https://w3id.org/mixs/0000052,,"A chimeric sequence, or chimera for short, is a sequence comprised of two or more phylogenetically distinct parent sequences. Chimeras are usually PCR artifacts thought to occur when a prematurely terminated amplicon reanneals to a foreign DNA strand and is copied to completion in the following PCR cycles. The point at which the chimeric sequence changes from one parent to the next is called the breakpoint or conversion point",uchime;v4.1;default parameters,false,,
sequencing,tax_ident,https://w3id.org/mixs/,https://w3id.org/mixs/0000053,,The phylogenetic marker(s) used to assign an organism name to the SAG or MAG,other: rpoB gene,false,,https://rs.gbif.org/vocabulary/dna/tax_ident.xml
sequencing,assembly_qual,https://w3id.org/mixs/,https://w3id.org/mixs/0000056,,"The assembly quality category is based on sets of criteria outlined for each assembly quality category. For MISAG/MIMAG; Finished: Single, validated, contiguous sequence per replicon without gaps or ambiguities with a consensus error rate equivalent to Q50 or better. High Quality Draft:Multiple fragments where gaps span repetitive regions. Presence of the 23S, 16S and 5S rRNA genes and at least 18 tRNAs. Medium Quality Draft:Many fragments with little to no review of assembly other than reporting of standard assembly statistics. Low Quality Draft:Many fragments with little to no review of assembly other than reporting of standard assembly statistics. Assembly statistics include, but are not limited to total assembly size, number of contigs, contig N50/L50, and maximum contig length. For MIUVIG; Finished: Single, validated, contiguous sequence per replicon without gaps or ambiguities, with extensive manual review and editing to annotate putative gene functions and transcriptional units. High-quality draft genome: One or multiple fragments, totaling ≥ 90% of the expected genome or replicon sequence or predicted complete. Genome fragment(s): One or multiple fragments, totalling < 90% of the expected genome or replicon sequence, or for which no genome size could be estimated",High-quality draft genome,false,,https://rs.gbif.org/vocabulary/dna/assembly_qual.xml
sequencing,assembly_name,https://w3id.org/mixs/,https://w3id.org/mixs/0000057,,Name/version of the assembly provided by the submitter that is used in the genome browsers and in the community,"HuRef, JCVI_ISG_i3_1.0",false,,
sequencing,assembly_software,https://w3id.org/mixs/,https://w3id.org/mixs/0000058,,"Tool(s) used for assembly, including version number and parameters","metaSPAdes;3.11.0;kmer set 21,33,55,77,99,121, default parameters otherwise",false,,
sequencing,annot,https://w3id.org/mixs/,https://w3id.org/mixs/0000059,,"Tool used for annotation, or for cases where annotation was provided by a community jamboree or model organism database rather than by a specific submitter",prokka,false,,
sequencing,number_contig,https://w3id.org/mixs/,https://w3id.org/mixs/0000060,,"Total number of contigs in the cleaned/submitted assembly that makes up a given genome, SAG, MAG, or UViG",40,false,integer,
sequencing,feat_pred,https://w3id.org/mixs/,https://w3id.org/mixs/0000061,,"Method used to predict UViGs features such as ORFs, integration site, etc.",Prodigal;2.6.3;default parameters,false,,
sequencing,ref_db,https://w3id.org/mixs/,https://w3id.org/mixs/0000062,,"List of database(s) used for ORF annotation, along with version number and reference to website or publication",pVOGs;5;http://dmk-brain.ecn.uiowa.edu/pVOGs/ Grazziotin et al. 2017 doi:10.1093/nar/gkw975,false,,
sequencing,sim_search_meth,https://w3id.org/mixs/,https://w3id.org/mixs/0000063,,"Tool used to compare ORFs with database, along with version and cutoffs used","HMMER3;3.1b2;hmmsearch, cutoff of 50 on score",false,,
sequencing,tax_class,https://w3id.org/mixs/,https://w3id.org/mixs/0000064,,"Method used for taxonomic classification, along with reference database used, classification rank, and thresholds used to classify new genomes","vConTACT vContact2 (references from NCBI RefSeq v83, genus rank classification, default parameters)",false,,
sequencing,_16s_recover,https://w3id.org/mixs/,https://w3id.org/mixs/0000065,,Can a 16S gene be recovered from the submitted SAG or MAG?,yes,false,boolean,
sequencing,_16s_recover_software,https://w3id.org/mixs/,https://w3id.org/mixs/0000066,,Tools used for 16S rRNA gene extraction,rambl;v2;default parameters,false,,
sequencing,trnas,https://w3id.org/mixs/,https://w3id.org/mixs/0000067,,The total number of tRNAs identified from the SAG or MAG,18,false,integer,
sequencing,trna_ext_software,https://w3id.org/mixs/,https://w3id.org/mixs/0000068,,Tools used for tRNA identification,infernal;v2;default parameters,false,,
sequencing,compl_score,https://w3id.org/mixs/,https://w3id.org/mixs/0000069,,"Completeness score is typically based on either the fraction of markers found as compared to a database or the percent of a genome found as compared to a closely related reference genome. High Quality Draft: >90%, Medium Quality Draft: >50%, and Low Quality Draft: < 50% should have the indicated completeness scores",med;60%,false,,
sequencing,compl_software,https://w3id.org/mixs/,https://w3id.org/mixs/0000070,,"Tools used for completion estimate, i.e. checkm, anvi´o, busco",checkm,false,,
sequencing,compl_appr,https://w3id.org/mixs/,https://w3id.org/mixs/0000071,,"The approach used to determine the completeness of a given SAG or MAG, which would typically make use of a set of conserved marker genes or a closely related reference genome. For UViG completeness, include reference genome or group used, and contig feature suggesting a complete genome",other: UViG length compared to the average length of reference genomes from the P22virus genus (NCBI RefSeq v83),false,,https://rs.gbif.org/vocabulary/dna/compl_appr.xml
sequencing,contam_score,https://w3id.org/mixs/,https://w3id.org/mixs/0000072,,"The contamination score is based on the fraction of single-copy genes that are observed more than once in a query genome. The following scores are acceptable for; High Quality Draft: < 5%, Medium Quality Draft: < 10%, Low Quality Draft: < 10%. Contamination must be below 5% for a SAG or MAG to be deposited into any of the public databases",1%,false,,
sequencing,contam_screen_input,https://w3id.org/mixs/,https://w3id.org/mixs/0000005,,The type of sequence data used as input,contigs,false,,https://rs.gbif.org/vocabulary/dna/contam_screen_input.xml
sequencing,contam_screen_param,https://w3id.org/mixs/,https://w3id.org/mixs/0000073,,"Specific parameters used in the decontamination sofware, such as reference database, coverage, and kmers. Combinations of these parameters may also be used, i.e. kmer and coverage, or reference database and kmer",kmer,false,,
sequencing,decontam_software,https://w3id.org/mixs/,https://w3id.org/mixs/0000074,,Tool(s) used in contamination screening,anvi´o,false,,https://rs.gbif.org/vocabulary/dna/decontam_software.xml
sequencing,sort_tech,https://w3id.org/mixs/,https://w3id.org/mixs/0000075,,Method used to sort/isolate cells or particles of interest,optical manipulation,false,,https://rs.gbif.org/vocabulary/dna/sort_tech.xml
sequencing,single_cell_lysis_appr,https://w3id.org/mixs/,https://w3id.org/mixs/0000076,,Method used to free DNA from interior of the cell(s) or particle(s),enzymatic,false,,https://rs.gbif.org/vocabulary/dna/single_cell_lysis_appr.xml
sequencing,single_cell_lysis_prot,https://w3id.org/mixs/,https://w3id.org/mixs/0000054,,Name of the kit or standard protocol used for cell(s) or particle(s) lysis,ambion single cell lysis kit,false,,
sequencing,wga_amp_appr,https://w3id.org/mixs/,https://w3id.org/mixs/0000055,,Method used to amplify genomic DNA in preparation for sequencing,mda based,false,,https://rs.gbif.org/vocabulary/dna/wga_amp_appr.xml
sequencing,wga_amp_kit,https://w3id.org/mixs/,https://w3id.org/mixs/0000006,,Kit used to amplify genomic DNA in preparation for sequencing,qiagen repli-g,false,,
sequencing,bin_param,https://w3id.org/mixs/,https://w3id.org/mixs/0000077,,The parameters that have been applied during the extraction of genomes from metagenomic datasets,coverage and kmer,false,,https://rs.gbif.org/vocabulary/dna/bin_param.xml
sequencing,bin_software,https://w3id.org/mixs/,https://w3id.org/mixs/0000078,,Tool(s) used for the extraction of genomes from metagenomic datasets,concoct and maxbin,false,,https://rs.gbif.org/vocabulary/dna/bin_software.xml
sequencing,reassembly_bin,https://w3id.org/mixs/,https://w3id.org/mixs/0000079,,Has an assembly been performed on a genome bin extracted from a metagenomic assembly?,no,false,boolean,
sequencing,mag_cov_software,https://w3id.org/mixs/,https://w3id.org/mixs/0000080,,Tool(s) used to determine the genome coverage if coverage is used as a binning parameter in the extraction of genomes from metagenomic datasets,bbmap,false,,https://rs.gbif.org/vocabulary/dna/mag_cov_software.xml
sequencing,vir_ident_software,https://w3id.org/mixs/,https://w3id.org/mixs/0000081,,"Tool(s) used for the identification of UViG as a viral genome, software or protocol name including version number, parameters, and cutoffs used","VirSorter; 1.0.4; Virome database, category 2",false,,
sequencing,pred_genome_type,https://w3id.org/mixs/,https://w3id.org/mixs/0000082,,Type of genome predicted for the UViG,dsDNA,false,,https://rs.gbif.org/vocabulary/dna/pred_genome_type.xml
sequencing,pred_genome_struc,https://w3id.org/mixs/,https://w3id.org/mixs/0000083,,Expected structure of the viral genome,non-segmented,false,,https://rs.gbif.org/vocabulary/dna/pred_genome_struc.xml
sequencing,detec_type,https://w3id.org/mixs/,https://w3id.org/mixs/0000084,,Type of UViG detection,independent sequence (UViG),false,,https://rs.gbif.org/vocabulary/dna/detec_type.xml
sequencing,otu_class_appr,https://w3id.org/mixs/,https://w3id.org/mixs/0000085,,"Cutoffs and approach used when clustering new UViGs in ""species-level"" OTUs. Note that results from standard 95% ANI / 85% AF clustering should be provided alongside OTUS defined from another set of thresholds, even if the latter are the ones primarily used during the analysis",95% ANI;85% AF; greedy incremental clustering,false,,
sequencing,otu_seq_comp_appr,https://w3id.org/mixs/,https://w3id.org/mixs/0000086,,"Tool and thresholds used to compare sequences when computing ""species-level"" OTUs",blastn;2.6.0+;e-value cutoff: 0.001,false,,
sequencing,otu_db,https://w3id.org/mixs/,https://w3id.org/mixs/0000087,,"Reference database (i.e. sequences not generated as part of the current study) used to cluster new genomes in ""species-level"" OTUs, if any",NCBI Viral RefSeq;83,false,,
sequencing,host_pred_appr,https://w3id.org/mixs/,https://w3id.org/mixs/0000088,,Tool or approach used for host prediction,CRISPR spacer match,false,,https://rs.gbif.org/vocabulary/dna/host_pred_appr.xml
sequencing,host_pred_est_acc,https://w3id.org/mixs/,https://w3id.org/mixs/0000089,,"For each tool or approach used for host prediction, estimated false discovery rates should be included, either computed de novo or from the literature","CRISPR spacer match: 0 or 1 mismatches, estimated 8% FDR at the host genus rank (Edwards et al. 2016 doi:10.1093/femsre/fuv048)",false,,
sequencing,url,https://w3id.org/mixs/,https://w3id.org/mixs/0000091,,,http://www.earthmicrobiome.org/,false,uri,
sequencing,sop,https://w3id.org/mixs/,https://w3id.org/mixs/0000090,,"Standard operating procedures used in assembly and/or annotation of genomes, metagenomes or environmental sequences",http://press.igsb.anl.gov/earthmicrobiome/protocols-and-standards/its/,false,uri,
sequencing,pcr_primer_forward,http://rs.gbif.org/terms/,http://rs.gbif.org/terms/pcr_primer_forward,,"Forward PCR primer that were used to amplify the sequence of the targeted gene, locus or subfragment. If multiple multiple forward or reverse primers are present in a single PCR reaction, there should be a full row for each of these linked to the same DWC Occurrence. The primer sequence should be reported in uppercase letters",GGACTACHVGGGTWTCTAAT,false,,
sequencing,pcr_primer_reverse,http://rs.gbif.org/terms/,http://rs.gbif.org/terms/pcr_primer_reverse,,"Reverse PCR primer that were used to amplify the sequence of the targeted gene, locus or subfragment. If multiple multiple forward or reverse primers are present in a single PCR reaction, there should be a full row for each of these linked to the same DWC Occurrence. The primer sequence should be reported in uppercase letters",GGACTACHVGGGTWTCTAAT,false,,
sequencing,pcr_primer_name_forward,http://rs.gbif.org/terms/,http://rs.gbif.org/terms/pcr_primer_name_forward,,"Name of the forward PCR primer that were used to amplify the sequence of the targeted gene, locus or subfragment. If multiple multiple forward or reverse primers are present in a single PCR reaction, there should be a full row for each of these linked to the same DWC Occurrence.",jgLCO1490,false,,
sequencing,pcr_primer_name_reverse,http://rs.gbif.org/terms/,http://rs.gbif.org/terms/pcr_primer_name_reverse,,"Name of the reverse PCR primer that were used to amplify the sequence of the targeted gene, locus or subfragment. If multiple multiple forward or reverse primers are present in a single PCR reaction, there should be a full row for each of these linked to the same DWC Occurrence.",jgHCO2198,false,,
sequencing,pcr_primer_reference,http://rs.gbif.org/terms/,http://rs.gbif.org/terms/pcr_primer_reference,,"Reference for the PCR primers that were used to amplify the sequence of the targeted gene, locus or subfragment.",https://doi.org/10.1186/1742-9994-10-34,false,,
sequencing,DNA_sequence,http://rs.gbif.org/terms/,http://rs.gbif.org/terms/dna_sequence,,The DNA sequence,TCTATCCTCAATTATAGGTCATAATTCACCATCAGTAGATTTAGGAATTTTCTCTATTCATATTGCAGGTGTATCATCAATTATAGGATCAATTAATTTTATTGTAACAATTTTAAATATACATACAAAAACTCATTCATTAAACTTTTTACCATTATTTTCATGATCAGTTCTAGTTACAGCAATTCTCCTTTTATTATCATTA,false,,
MaterialSample,concentration,http://data.ggbn.org/schemas/ggbn/terms/,http://data.ggbn.org/schemas/ggbn/terms/concentration,http://terms.tdwg.org/wiki/ggbn:concentration,Concentration of DNA (weight ng/volume µl),67.5,false,decimal,
MaterialSample,concentrationUnit,http://data.ggbn.org/schemas/ggbn/terms/,http://data.ggbn.org/schemas/ggbn/terms/concentrationUnit,http://terms.tdwg.org/wiki/ggbn:concentrationUnit,Unit used for concentration measurement,ng/µl,false,,
MaterialSample,methodDeterminationConcentrationAndRatios,http://data.ggbn.org/schemas/ggbn/terms/,http://data.ggbn.org/schemas/ggbn/terms/methodDeterminationConcentrationAndRatios,http://terms.tdwg.org/wiki/ggbn:methodDeterminationConcentrationAndRatios,Description of method used for concentration measurement,"Nanodrop, Qubit",false,,
MaterialSample,ratioOfAbsorbance260_230,http://data.ggbn.org/schemas/ggbn/terms/,http://data.ggbn.org/schemas/ggbn/terms/ratioOfAbsorbance260_230,http://terms.tdwg.org/wiki/ggbn:ratioOfAbsorbance260_230,"Ratio of absorbance at 260 nm and 230 nm assessing DNA purity (mostly secondary measure, indicates mainly EDTA, carbohydrates, phenol), (DNA samples only).",1.89,false,decimal,
MaterialSample,ratioOfAbsorbance260_280,http://data.ggbn.org/schemas/ggbn/terms/,http://data.ggbn.org/schemas/ggbn/terms/ratioOfAbsorbance260_280,http://terms.tdwg.org/wiki/ggbn:ratioOfAbsorbance260_280,"Ratio of absorbance at 280 nm and 230 nm assessing DNA purity (mostly secondary measure, indicates mainly EDTA, carbohydrates, phenol), (DNA samples only).",1.91,false,decimal,
nucleic acid sequence source,annealingTemp,http://rs.gbif.org/terms/miqe/,http://rs.gbif.org/terms/miqe/annealingTemp,,The reaction temperature during the annealing phase of PCR.,60,false,decimal,
nucleic acid sequence source,annealingTempUnit,http://rs.gbif.org/terms/miqe/,http://rs.gbif.org/terms/miqe/annealingTempUnit,,Measurement unit of the reaction temperature during the annealing phase of PCR.,Degrees celsius,false,,
nucleic acid sequence source,probeReporter,http://rs.gbif.org/terms/miqe/,http://rs.gbif.org/terms/miqe/probeReporter,,"Type of fluorophore (reporter) used. Probe anneals within amplified target DNA. Polymerase activity degrades the probe that has annealed to the template, and the probe releases the fluorophore from it and breaks the proximity to the quencher, thus allowing fluorescence of the fluorophore.",FAM,false,,
nucleic acid sequence source,probeQuencher,http://rs.gbif.org/terms/miqe/,http://rs.gbif.org/terms/miqe/probeQuencher,,"Type of quencher used. The quencher molecule quenches the fluorescence emitted by the fluorophore when excited by the cycler’s light source As long as fluorophore and the quencher are in proximity, quenching inhibits any fluorescence signals.",NFQ-MGB,false,,
nucleic acid sequence source,ampliconSize,http://rs.gbif.org/terms/miqe/,http://rs.gbif.org/terms/miqe/ampliconSize,,The length of the amplicon in basepairs.,83,false,integer,
nucleic acid sequence source,thresholdQuantificationCycle,http://rs.gbif.org/terms/miqe/,http://rs.gbif.org/terms/miqe/thresholdQuantificationCycle,,Threshold for change in fluorescence signal between cycles,0.3,false,decimal,
nucleic acid sequence source,baselineValue,http://rs.gbif.org/terms/miqe/,http://rs.gbif.org/terms/miqe/baselineValue,,The number of cycles when fluorescence signal from the target amplification is below background fluorescence not originated from the real target amplification.,15,false,integer,
nucleic acid sequence source,quantificationCycle,http://rs.gbif.org/terms/miqe/,http://rs.gbif.org/terms/miqe/quantificationCycle,,"The number of cycles required for the fluorescent signal to cross a given value threshold above the baseline. Quantification cycle (Cq), threshold cycle (Ct), crossing point (Cp), and take-off point (TOP) refer to the same value from the real-time instrument. Use of quantification cycle (Cq), is preferable according to the RDML (Real-Time PCR Data Markup Language) data standard (http://www.rdml.org).",37.9450950622558,false,decimal,
nucleic acid sequence source,automaticThresholdQuantificationCycle,http://rs.gbif.org/terms/miqe/,http://rs.gbif.org/terms/miqe/automaticThresholdQuantificationCycle,,Whether the threshold was set by the instrument or manually.,true,false,boolean,
nucleic acid sequence source,automaticBaselineValue,http://rs.gbif.org/terms/miqe/,http://rs.gbif.org/terms/miqe/automaticBaselineValue,,Whether the baseline value was set by the instrument or manually.,true,false,boolean,
nucleic acid sequence source,contaminationAssessment,http://rs.gbif.org/terms/miqe/,http://rs.gbif.org/terms/miqe/contaminationAssessment,,Whether DNA or RNA contamination assessment was done or not.,true,false,boolean,
nucleic acid sequence source,partitionVolume,http://rs.gbif.org/terms/miqe/,http://rs.gbif.org/terms/miqe/partitionVolume,,An accurate estimation of partition volume. The sum of the partitions multiplied by the partition volume will enable the total volume of the reaction to be calculated.,1,false,decimal,
nucleic acid sequence source,partitionVolumeUnit,http://rs.gbif.org/terms/miqe/,http://rs.gbif.org/terms/miqe/partitionVolumeUnit,,Unit used for partition volume,nl,false,,
nucleic acid sequence source,estimatedNumberOfCopies,http://rs.gbif.org/terms/miqe/,http://rs.gbif.org/terms/miqe/estimatedNumberOfCopies,,Number of target molecules per µl. Mean copies per partition (?) can be calculated using the number of partitions (n) and the estimated copy number in the total volume of all partitions (m) with a formula ?=m/n.,10300,false,integer,
nucleic acid sequence source,amplificationReactionVolume,http://rs.gbif.org/terms/miqe/,http://rs.gbif.org/terms/miqe/amplificationReactionVolume,,PCR reaction volume,22,false,decimal,
nucleic acid sequence source,amplificationReactionVolumeUnit,http://rs.gbif.org/terms/miqe/,http://rs.gbif.org/terms/miqe/amplificationReactionVolumeUnit,,Unit used for PCR reaction volume. Many of the instruments require preparation of a much larger initial sample volume than is actually analyzed.,µl,false,,
nucleic acid sequence source,pcr_analysis_software,http://rs.gbif.org/terms/miqe/,http://rs.gbif.org/terms/miqe/pcr_analysis_software,,The program used to analyse the d(d)PCR runs.,BIO-RAD QuantaSoft,false,,
nucleic acid sequence source,experimentalVariance,http://rs.gbif.org/terms/miqe/,http://rs.gbif.org/terms/miqe/experimentalVariance,,"Multiple biological replicates are encouraged to assess total experimental variation. When single dPCR experiments are performed, a minimal estimate of variance due to counting error alone must be calculated from the binomial (or suitable equivalent) distribution.",,false,,
nucleic acid sequence source,pcr_primer_lod,http://rs.gbif.org/terms/miqe/,http://rs.gbif.org/terms/miqe/pcr_primer_lod,,The assay’s ability to detect the target at low levels.,51,false,,
nucleic acid sequence source,pcr_primer_loq,http://rs.gbif.org/terms/miqe/,http://rs.gbif.org/terms/miqe/pcr_primer_loq,,The assay’s ability to quantify copy number at low levels.,184,false,,
